courseid,userid
4,408
4,53
4,148
4,71
4,608
4,213
4,610
4,601
4,285
4,36
5,220
5,294
5,677
7817,35562
7817,213
7817,610
7817,148
7817,53
7817,40417
7817,166
7819,259
7819,11
6,132
6,173
6,20
6,677
15035,20606
15035,33
15035,86
15035,32547
15035,37212
15035,170
15035,173
15035,32026
15035,677
15035,31153
15035,205
15035,541
15035,220
15035,294
15035,389
15035,400
15035,409
15035,411
15035,421
15037,32332
15037,263
15037,20864
15058,39478
15086,38144
15086,668
15086,110
15086,26335
15086,65
15086,152
15086,229
15086,27275
15086,19
15086,619
15086,20139
15086,20880
15086,27729
15086,20194
15086,37555
15086,40587
15072,20694
15072,34407
15072,37553
15072,3
15072,173
15072,20197
15072,20128
15072,37879
15072,81
15072,19084
15072,32547
15072,541
15072,37212
15072,100
15072,294
15072,220
15072,20864
15072,99
15072,263
15072,62
15072,494
15072,20608
15072,492
15072,94
15072,374
15072,20618
15072,587
15072,29178
15072,17246
15072,150
15072,128
15072,564
15072,285
15072,361
15072,106
15072,35620
15072,271
15072,400
15072,389
15072,411
15072,31153
15072,32026
15072,152
15072,501
15072,223
15072,20182
15072,170
15072,299
15072,33
15057,39152
15057,361
8,132
8,173
8,20
8,677
10,32026
10,31153
10,677
10853,328
10853,20175
10853,20202
10853,19535
10853,19534
10853,20158
12,33
12,623
12,20
12,434
12,677
12,20606
13,139
13,23383
13,44997
13,43872
13,31153
13,32026
13,400
13,30474
13,38152
13,677
13,35610
14,122
14,406
15,296
15,54
15,198
15,122
15,11275
15,406
15,34408
15,20691
15,20151
15,24234
15,35620
16,120
16,296
16,54
16,129
16,406
16,34408
17,294
17,122
17,623
17,18898
17,38119
17,37212
17,20700
17,33
17,677
17,434
17,139
17,20
17,20606
17,205
17,31265
17,157
18,220
18,677
18,294
18,33
18,38119
18,31265
18,46640
19,7
19,111
19,41
19,198
19,406
19,37
19,423
19,85
19,112
19,706
19,20564
19,27
19,53990
19,599
19,545
19,228
19,48201
19,157
22,581
22,148
22,11273
22,601
22,408
22,24234
22,35
22,25720
22,52813
22,17247
22,298
22,46963
14152,20163
14152,20179
14152,34418
14152,20691
14152,20137
14152,20175
14152,30073
14152,34405
23,408
23,148
23,608
23,53
23,213
23,610
23,601
23,285
23,36
23,71
23,374
23,35562
23,35
23,40417
23,46702
23,234
23,32618
23,39437
23,30073
23,166
18468,38146
18468,281
18468,46
18468,273
18468,210
18468,251
18468,38151
18468,49059
18468,605
18468,423
18468,73
18468,593
18468,307
18468,49869
18468,49868
18468,598
18468,562
18468,563
18468,632
18468,117
18468,159
18468,671
18468,320
18468,466
18468,713
18468,36118
18468,430
18468,594
30,174
30,235
30,118
30,401
30,372
30,50
30,27009
30,299
30,38149
30,381
35,31
35,249
35,286
35,383
35,469
35,27741
35,31283
35,105
35,11277
35,46960
35,246
37,132
37,20
37,173
37,38119
37,31265
37,157
10687,20124
10687,20133
10687,20177
10687,20175
10687,20142
10693,20124
10693,20175
10693,38122
10693,36500
10693,49596
10693,20142
10693,20140
10694,20177
10694,20124
10694,20880
10694,26663
10694,20133
10694,20175
10694,38122
10694,36500
10694,49596
10694,20142
10694,20140
10695,20124
10695,20175
10695,20142
10701,20124
10701,20880
10701,20177
10701,20175
10701,20142
10702,20124
10702,20177
10702,20175
10702,20142
15096,299
15096,20175
15096,20190
15096,20133
15096,20194
15096,20182
15096,20124
15096,20196
15096,20142
40,7
40,85
40,198
40,37
40,158
40,406
40,53990
40,545
40,50852
40,228
40,157
41,264
41,54
41,355
41,122
41,298
41,114
41,406
41,34408
10781,25717
10781,345
10781,14
10781,687
10781,302
10781,54070
10781,31004
10781,31667
10781,515
10781,249
10781,20557
10781,34408
8005,220
8005,32547
8005,33
8005,411
8005,677
42,7
42,186
42,198
42,406
42,37
42,158
42,85
42,27
42,706
42,599
42,53990
42,545
42,32618
42,20636
42,423
42,39437
42,228
42,46641
42,157
42,426
43,264
43,355
43,406
43,34408
43,122
43,54
43,19529
44,264
44,253
44,552
44,406
44,34408
45,17
45,294
45,220
45,33
45,400
45,32547
45,677
45,46158
7829,23940
7829,20183
7829,20173
7829,20177
7829,20124
7829,20175
7829,20142
7829,20699
7829,20659
7829,20585
7829,37539
7830,23940
7830,20183
7830,20173
7830,20177
7830,20124
7830,43801
7830,20175
7830,20142
7830,20699
7830,20659
7832,20128
7832,19940
7832,20205
7832,20171
7832,20156
7832,20196
7832,20693
7832,29721
7832,20195
7832,20184
7832,20699
7832,20585
7832,20608
7832,20691
7832,51532
7832,20177
7832,32618
7832,34418
7832,32624
7832,335
7832,20163
7832,20157
7832,27128
7832,37490
7832,20175
7832,39437
7832,39470
7832,20137
7832,20140
7832,49175
7832,30073
7832,34405
7832,20142
7832,20611
14090,27009
14090,40283
14090,285
14090,266
14090,609
14090,91
14090,11275
14090,18978
14090,25210
14090,37522
14090,24678
14090,231
14090,482
7833,442
7833,347
7833,146
7833,20144
7833,404
7833,54
7833,20270
7833,66
7833,114
7833,20194
7833,8
7833,323
7833,20865
7833,96
7833,115
7833,214
7833,330
7833,274
7833,20606
7833,51
7833,668
7833,167
7833,20202
7833,120
7833,241
7833,209
7833,20151
7833,19529
7833,122
7833,11273
7833,110
7833,99
7833,20700
7833,20864
7833,432
7833,20
7833,20139
7833,254
7833,202
7833,34
7833,492
7833,223
7833,372
7833,304
7833,150
7833,20699
7833,306
7833,152
7833,11269
46,406
46,545
46,198
46,53990
46,228
46,718
47,408
47,601
47,148
47,91
47,11275
47,24678
47,266
48,135
48,177
48,360
48,81
48,208
48,40283
48,35562
48,295
48,266
48,24678
48,188
48,37522
48,231
7925,20128
7925,20132
7925,20141
7925,20190
7925,20133
7925,20182
7925,27600
7925,37879
7925,20124
7925,32618
7925,20175
7925,37555
7925,37519
7925,20140
7925,20142
7925,20699
7925,20585
7925,20659
49,274
49,135
49,177
49,360
49,287
49,81
49,208
49,40283
49,20850
49,295
49,35562
49,266
49,494
49,188
49,37522
49,24678
49,231
49,46089
50,274
50,361
50,287
50,20850
50,81
50,135
50,208
50,35562
50,25503
50,18978
50,40283
50,20878
50,360
50,231
50,51459
50,295
50,48512
50,34994
50,188
50,37522
50,37536
50,46089
50,91
50,305
50,494
18300,114
18300,122
18300,34408
18301,122
18301,34408
18301,114
10852,328
10854,328
10854,170
10854,677
51,274
51,361
51,135
51,177
51,360
51,287
51,81
51,208
51,18978
51,40283
51,20878
51,35562
51,295
51,266
51,32618
51,26344
51,37522
51,25503
51,24678
51,37536
51,20557
51,231
51,494
51,51459
51,46089
51,48512
51,186
51,91
19247,20175
19247,38144
19247,20182
19247,37555
19248,53212
19248,36306
19258,20175
19258,20182
7874,285
7874,17246
7874,94
7874,106
7874,128
7874,150
7874,564
7874,551
7874,492
7874,507
7874,587
7874,19538
7874,374
7874,29178
7874,20618
7874,399
7874,51029
7874,52741
7874,27009
7874,35
56,285
56,581
56,148
56,601
56,408
56,35
56,11273
56,25
56,371
10691,20177
10691,20124
10691,20175
10691,20142
57,468
57,356
57,233
57,8
57,442
57,32535
57,36917
57,46502
58,282
58,69
58,373
58,223
58,162
58,193
58,405
58,603
58,579
58,269
58,709
58,37748
58,241
58,625
58,221
59,282
59,373
59,241
59,223
59,162
59,69
59,193
59,405
59,603
59,579
59,269
59,37748
59,625
59,221
60,33
60,677
60,46158
61,7
61,186
61,198
61,406
61,37
61,158
61,85
61,27
61,423
61,599
61,25503
61,53990
61,545
61,228
61,46641
61,706
61,51028
61,157
61,426
62,304
62,152
62,110
62,142
62,311
62,66
62,19084
62,163
62,20175
62,27275
62,27745
62,11278
62,267
62,39563
62,46640
62,20202
62,482
62,49123
10833,337
10833,401
10833,130
10833,334
10833,26346
10833,3
10833,30675
10833,381
10833,361
10480,163
10480,267
10480,66
10480,152
10480,19084
10480,311
10480,304
10480,142
10480,110
10480,27275
10480,32553
10480,27745
10480,11278
10480,39563
10480,20175
10480,46640
10780,25717
10780,345
10780,14
10780,687
10780,302
10780,515
10780,54070
10780,31004
10780,31667
10780,249
10780,20557
10780,49598
10780,34408
7885,27
7885,158
7885,406
7885,545
7885,599
7885,37
7885,30474
7885,53990
7885,46641
7885,27643
7885,20270
7885,423
7885,228
7885,157
7804,394
7804,38100
7804,254
7804,328
7804,43646
7804,43912
64,282
64,373
64,223
64,162
64,69
64,193
64,269
64,27538
64,37748
64,603
64,579
64,709
65,282
65,373
65,223
65,162
65,69
65,193
65,269
65,30474
65,37748
65,603
65,579
65,709
66,282
66,373
66,223
66,162
66,69
66,193
66,221
66,269
66,18973
66,37748
66,625
66,603
66,579
66,709
73,31
73,249
73,286
73,105
73,283
73,255
73,145
73,404
73,109
73,464
73,469
73,50823
73,485
73,11277
73,39855
73,246
73,383
74,31
74,249
74,286
74,109
74,469
74,105
74,50823
74,485
74,246
74,383
10743,492
10743,106
10743,150
10743,285
10709,254
10709,209
10709,31265
10709,38100
10709,328
10709,43646
10709,43912
10755,31154
10755,515
10755,49598
10755,409
10755,96
75,31
75,249
75,286
75,109
75,469
75,50823
75,485
75,105
75,37534
75,246
75,383
76,328
76,674
76,19529
76,46640
76,336
76,396
76,154
76,254
76,209
76,24679
76,38119
76,32553
76,31265
76,364
76,351
76,43646
76,43912
76,46964
76,50852
4018,16
4020,266
4020,11277
4020,433
4020,202
4020,421
4020,30930
4020,37509
18467,251
18467,210
18467,281
18467,605
18467,38151
18467,46
18467,273
18467,38146
18467,49059
18467,24234
18467,73
18467,263
18467,593
18467,307
18467,49869
18467,49868
18467,598
18467,562
18467,563
18467,632
18467,117
18467,159
18467,671
18467,320
18467,466
18467,713
18467,36118
18467,430
18467,594
14756,30221
14756,552
14756,20672
14757,30221
14757,552
14757,20672
10697,20124
10697,20175
10697,20142
10698,20124
10698,20880
10698,20177
10698,20175
10698,20142
7886,408
7886,581
4021,202
4022,411
4022,222
4022,677
4025,163
4025,267
4025,110
4025,152
4025,304
4025,311
4025,66
4025,19084
4025,142
4025,27275
4025,32553
4025,27745
4025,11278
4025,39563
4025,20175
4025,46640
4027,40283
4027,231
4032,40283
4032,263
4032,555
4032,349
4032,99
4032,650
4032,20878
4032,37522
4032,231
4033,263
4033,99
4033,650
4033,555
4033,349
4033,20878
4033,40283
4033,37522
4033,231
4034,263
4034,40283
4034,650
4034,555
4034,349
4034,99
4034,20878
4034,37522
4034,231
4035,40283
4035,231
4036,263
4036,40283
4036,99
4036,555
4036,349
4036,650
4036,20878
4036,27220
4036,37522
4036,231
4037,263
4037,40283
4037,231
4038,263
4038,99
4038,40283
4038,231
4039,263
4039,99
4039,40283
4039,349
4039,650
4039,555
4039,20878
4039,27220
4039,37522
4039,231
4017,16
4017,20125
4017,40
4017,129
4017,433
4017,202
77,328
77,351
77,209
77,62
77,253
77,364
77,31265
77,43646
77,43912
78,396
78,172
78,209
78,27643
78,31265
78,328
78,43646
78,43912
79,336
79,351
79,209
79,38119
79,31265
79,328
79,43646
79,43912
79,396
8010,20635
8010,20210
8010,259
8010,604
8010,25486
8010,17470
8010,32618
8010,17247
8010,167
8010,327
80,396
80,172
80,209
80,27643
80,31265
80,328
80,43646
80,43912
7801,394
7801,254
7801,31265
7801,38100
7801,328
7801,43646
7801,43912
7802,254
7802,209
7802,31265
7802,38100
7802,328
7802,43646
7802,43912
7803,394
7803,254
7803,31265
7803,38100
7803,328
7803,43646
7803,43912
7805,475
7805,452
7805,18291
7805,18292
7805,18293
7805,18294
7805,11206
7805,18297
7805,18299
7805,18300
7805,18301
7805,37539
7805,46960
7805,31154
7805,49598
7805,409
7805,96
7807,469
7807,452
7807,18291
7807,18292
7807,18293
7807,18294
7807,18297
7807,18299
7807,18300
7807,18301
7807,46960
7807,31154
7807,49598
7807,409
7807,96
82,328
82,62
82,351
82,209
82,253
82,260
82,19529
82,364
82,31265
82,43646
82,43912
83,396
83,172
83,209
83,27643
83,31265
83,328
83,43646
83,43912
7837,19940
7837,29024
7837,20157
7837,20181
7837,20127
7837,20124
7837,20171
7837,20611
7837,20177
7837,32618
7837,32624
7837,20175
7837,34537
7837,40294
7837,27128
7837,46959
7837,20140
7837,49175
7837,20142
7837,63
7837,20699
7837,20608
7837,20659
7837,20205
7848,20175
7848,20699
7848,20659
7849,23940
7849,20183
7849,20173
7849,20124
7849,20177
7849,20175
7849,20142
7849,20699
7849,20659
7850,23940
7850,20183
7850,20173
7850,20124
7850,20194
7850,43801
7850,20175
7850,20142
7850,20699
7850,20659
7851,26663
7851,20186
7851,20190
7851,20182
7851,20164
7851,20194
7851,20151
7851,20177
7851,27600
7851,20124
7851,32618
7851,299
7851,20175
7851,37555
7851,38144
7851,30073
7851,20142
7851,20585
7851,20699
7851,20659
7851,20140
7851,20205
7824,143
7824,380
7824,28137
7853,20128
7853,20194
7853,20175
7853,20195
7853,20129
7853,20179
7853,20184
7853,29721
7853,19940
7853,20196
7853,20156
7853,20205
7853,20171
7853,20164
7853,20691
7853,20693
7853,20611
7853,20177
7853,20139
7853,31925
7853,32618
7853,34418
7853,34534
7853,34405
7853,37516
7853,37490
7853,20585
7853,20140
7853,39470
7853,27128
7853,20151
7853,20163
7853,49175
7853,49551
7853,20142
7853,51532
7853,19535
7853,20699
7853,20608
7853,20659
7853,39437
7854,20194
7854,20699
7854,20175
7854,20195
7854,20129
7854,20179
7854,20184
7854,29721
7854,19940
7854,20196
7854,20205
7854,20156
7854,20171
7854,20128
7854,20693
7854,20197
7854,20608
7854,20139
7854,20659
7854,20691
7854,20177
7854,31925
7854,32618
7854,34418
7854,20611
7854,34534
7854,37490
7854,39437
7854,39470
7854,37516
7854,27128
7854,20151
7854,20163
7854,47526
7854,20140
7854,49175
7854,49551
7854,34405
7854,20142
7854,51532
7854,19535
10831,33
10831,54
10831,27745
10831,677
14131,130
14131,381
14131,361
14146,40283
14146,295
14146,231
14146,48512
14154,32547
14154,17
14154,38119
14154,31265
14158,105
14158,469
14158,27741
14158,31
14158,286
14158,11277
14158,46960
14158,246
14158,383
86,200
86,392
86,663
86,28137
88,426
88,28137
10779,381
7860,20175
7860,20178
7860,20133
7861,26
89,448
89,358
90,358
90,448
90,35975
10493,358
10493,448
18335,28137
18335,24235
18335,426
18335,48890
18335,26034
18335,448
18335,358
18335,46956
18335,46957
18336,48890
18336,46957
18336,358
18336,26034
18336,46956
18336,448
18336,24235
18336,426
18336,28137
18337,46956
18337,48890
18337,358
18337,448
18337,26034
18337,24235
18337,426
18337,28137
18338,46957
18338,48890
18338,46956
18338,358
18338,448
18338,26034
18338,24235
18338,426
18338,28137
18338,38147
18338,46955
18338,50851
18339,52813
18339,11273
18339,77
18339,96
18339,242
18339,408
18339,23696
18339,25216
18339,24234
18339,475
18339,61
18339,27743
18339,464
18339,381
18339,116
18339,253
18339,14
18339,687
18339,345
18339,567
18339,24447
18339,27220
18339,538
18339,27744
18339,99
18339,555
18339,177
18339,287
18339,360
18339,26494
18339,302
18339,46089
18339,46963
18339,20856
18339,452
18339,18291
18339,18292
18339,18293
18339,18294
18339,18297
18339,18299
18339,18300
18339,18301
18339,28855
18339,28857
18339,28856
18339,85
18339,7
18339,31
18339,283
18339,510
18339,263
18339,650
18339,27742
18339,349
18339,20878
18339,255
18339,37539
92,448
92,35975
92,26034
92,358
92,28137
92,24235
92,48890
94,220
94,294
94,677
94,46158
95,400
95,205
95,677
95,32618
95,46158
96,400
96,677
97,263
97,349
97,650
97,40283
97,555
97,99
97,20878
97,27220
97,37522
97,231
99,263
99,555
99,650
99,349
99,40283
99,27009
99,27220
99,32332
99,37522
99,24447
99,231
100,263
100,555
100,650
100,349
100,40283
100,27009
100,27220
100,37522
100,24447
100,231
100,32332
101,263
101,555
101,650
101,349
101,40283
101,27220
101,37522
101,24447
101,231
101,32332
102,411
102,222
102,623
102,677
18299,46265
18299,358
18299,200
18299,45518
18299,380
18299,663
18299,317
18299,426
18299,87
18299,35975
18299,47236
18299,50265
18299,47414
103,222
103,411
103,623
103,677
105,233
105,8
105,356
105,442
105,36917
7982,91
7982,178
7982,25
7982,40283
7982,295
7982,285
7982,37522
7982,231
7982,20850
106,356
106,233
106,8
106,442
106,36917
107,282
107,269
107,373
107,223
107,162
107,69
107,193
107,405
107,603
107,579
107,625
107,18898
107,709
107,646
107,57
107,37748
107,39478
108,282
108,373
108,57
108,223
108,162
108,69
108,193
108,405
108,221
108,579
108,603
108,269
108,18898
108,709
108,646
108,37748
108,39478
109,282
109,373
109,223
109,162
109,69
109,193
109,405
109,579
109,646
109,709
109,25711
109,57
109,37748
109,39478
7795,148
7795,408
7795,40417
7795,166
110,282
110,373
110,625
110,115
110,405
110,221
110,25693
110,27872
110,37748
110,35620
110,28137
110,38147
110,426
110,47671
110,48373
110,53190
14034,122
14035,19529
14035,395
14035,49350
14035,351
14035,31265
14035,364
14035,292
14035,328
14035,43646
14035,43912
14035,253
14104,50171
14104,47914
14104,43801
14104,20202
14104,19534
14104,19535
14104,20158
14104,19084
14104,27275
14104,20205
14104,267
14104,47526
14104,20175
14104,27745
14104,30073
14104,49123
14104,20142
14080,46265
14080,663
14080,380
14080,392
14080,200
14080,143
14080,317
14080,358
14080,87
14080,45518
14080,426
14080,28137
14080,39478
14080,35975
14080,47236
14080,47414
14080,50265
14081,663
14081,392
14081,380
14081,317
14081,200
14081,143
14081,87
14081,46265
14081,426
14081,358
14081,28137
14081,45518
14081,35975
14081,47236
14081,50265
14081,47414
14083,46265
14083,87
14083,663
14083,392
14083,380
14083,317
14083,200
14083,143
14083,358
14083,426
14083,28137
14083,45518
14083,35975
14083,47236
14083,47414
14083,50265
112,408
112,148
112,608
112,71
112,601
112,35
112,47671
112,153
112,52079
115,17
115,32547
115,677
116,170
116,17
116,205
116,677
117,87
117,448
117,426
117,28137
117,39478
119,132
119,20
119,677
122,7
122,198
122,85
122,406
122,37
122,599
122,27
122,706
122,158
122,53990
122,186
122,545
122,20636
122,228
122,30474
122,46641
122,51028
122,157
122,50852
124,135
124,177
124,360
124,287
124,81
124,208
124,35562
124,40283
124,238
124,556
124,295
124,24678
124,266
124,188
124,37522
124,231
124,494
124,48512
124,91
125,408
125,148
125,53
125,213
125,610
125,35
125,71
125,608
125,601
126,468
126,356
126,233
126,8
126,442
126,32535
126,36917
126,46502
7863,214
7863,229
7863,686
7863,627
7863,51
7863,347
7863,271
7863,37043
7863,39828
7863,37501
7863,669
7863,27072
7863,46613
7863,670
127,468
127,233
127,8
127,356
127,442
127,32535
127,36917
127,46502
128,35975
128,35562
128,426
128,28137
128,45518
128,39478
128,50265
128,47414
10703,38144
10703,20151
10703,20175
10703,20182
10703,20190
10703,49598
10703,409
10703,96
10703,31154
7820,40283
7820,347
7820,231
7820,27009
19742,20175
19742,20190
19743,40294
19743,20611
7857,19534
7857,19535
7857,20158
7857,20202
7857,27275
7857,19084
7857,65
7857,66
7857,110
7857,267
7857,20177
7857,32618
7857,30073
7857,39563
7857,47526
7857,20175
7857,43801
7857,49123
7857,20140
7857,20205
7857,20699
7857,20608
7857,47914
7857,20585
7857,20659
7857,39437
18431,273
18431,157
18431,7
18431,38146
18431,38151
18431,49059
18431,48458
18431,53
18431,251
18431,605
18431,46
18431,281
18431,210
18431,34418
18431,31925
18431,27128
18431,73
18431,263
18431,186
18431,46641
18431,593
18431,307
18431,49869
18431,49868
18431,598
18431,562
18431,563
18431,632
18431,117
18431,159
18431,671
18431,320
18431,466
18431,713
18431,36118
18431,430
18431,594
18431,39470
18432,605
18432,593
18432,307
18432,46
18432,38146
18432,49869
18432,210
18432,49059
18432,251
18432,273
18432,281
18432,49868
18432,598
18432,562
18432,563
18432,632
18432,117
18432,159
18432,671
18432,320
18432,466
18432,713
18432,36118
18432,430
18432,594
18432,38151
18432,91
18432,24234
18432,73
18432,263
18433,38151
18433,38122
18433,281
18433,273
18433,210
18433,251
18433,605
18433,30073
18433,49059
18433,46
18433,38146
18433,20163
18433,27744
18433,73
18433,263
18433,20177
18433,20140
18433,593
18433,307
18433,49869
18433,49868
18433,598
18433,562
18433,563
18433,632
18433,117
18433,159
18433,671
18433,320
18433,466
18433,713
18433,36118
18433,430
18433,594
10802,122
10802,173
10802,38119
10802,31265
7858,20175
129,139
129,294
129,23383
129,20
129,17
129,86
129,173
129,677
129,20606
129,157
130,408
130,148
130,53
130,213
130,610
130,71
130,608
130,601
130,35562
130,40417
130,35
130,39437
130,166
132,426
132,28137
132,45518
10683,380
10683,317
10683,663
10683,200
10683,143
10683,715
10683,721
10683,720
10683,719
10683,438
10683,716
10683,426
10683,577
10683,28137
10683,45518
10683,39478
14243,492
14243,106
14243,150
14243,29178
3761,608
3761,71
3761,148
3761,408
3761,601
3761,610
3761,35
3761,52079
3762,608
3762,148
3762,408
3762,71
3762,601
3762,52079
3764,677
3765,31153
3765,32026
3765,677
3766,286
3766,249
3766,469
3766,105
3766,27741
3766,383
3766,27743
3766,61
3766,31283
3766,31
3766,11277
3766,46960
3766,246
3767,625
3767,646
3767,709
3767,373
3767,37748
3767,37281
3767,52893
3771,501
3771,65
3771,619
3771,27275
3771,11278
3771,267
3771,20175
3771,20202
3772,501
3772,619
3772,27275
3772,267
3772,11278
3772,65
3772,20175
3772,20202
3774,501
3774,26337
3774,267
3774,11278
3774,65
3774,619
3774,20175
3774,20202
3775,20606
3775,396
3775,38119
3775,33
3775,18898
3775,20700
3775,20
3775,37212
3775,139
3775,434
3775,677
3775,205
3775,31265
3775,46964
3775,157
7862,150
7862,587
7862,399
7862,408
7862,36306
3777,335
3777,399
3777,668
3777,53
3777,374
3777,63
3777,37
3777,406
3777,299
3777,157
3778,30930
3778,129
3778,120
3778,266
3778,40
3778,11277
3778,570
3778,11278
3778,202
3778,24680
3778,433
3778,421
3778,37509
3778,194
3778,575
7883,677
3779,129
3779,120
3779,433
3779,11269
3779,28900
10762,20202
10762,19535
10762,20158
10762,20205
10762,20608
10762,19534
10762,20699
10762,20659
10762,19084
10762,65
10762,66
10762,110
10762,267
10762,27275
10762,20177
10762,30073
10762,39437
10762,39563
10762,32618
10762,47526
10762,20175
10762,43801
10762,49123
10859,20691
10859,20196
10859,20127
10859,20177
10859,20124
10859,32624
10859,34405
10859,20195
10859,20163
10859,20171
10859,32618
10859,20175
10859,20156
10859,20181
10859,37490
10859,39470
10859,40294
10859,37516
10859,27128
10859,20142
10859,51532
10765,35
10765,408
10765,53
10765,578
10765,608
10765,213
10765,610
10765,148
10765,71
10765,20270
3782,359
7796,17246
7796,128
7796,285
7796,94
7796,106
7796,150
7796,564
7796,492
7796,587
7796,19533
7796,551
7796,19538
7796,374
7796,27009
7796,35
7796,399
7796,51029
7796,29178
7796,52741
7797,17246
7797,27009
7797,399
7797,48385
3792,587
3792,285
3792,17246
3792,35
3792,32618
3793,51
3793,347
3793,214
3793,229
3793,627
3793,37501
3793,46613
3793,39828
3793,37043
3793,27072
3793,670
3857,408
3857,36
3857,53
3857,71
3857,610
3857,148
3857,213
3857,608
3857,285
3857,601
3857,11275
3857,18737
3857,19
3857,697
3857,334
3857,374
3857,39437
3857,48458
18736,552
18518,20672
18518,552
18518,30221
18517,552
3859,373
3859,115
3859,625
3859,282
3859,221
3859,709
3859,27872
3859,405
3859,37748
3859,35620
3859,28137
3859,39478
3859,38147
3859,426
3859,48373
14093,40283
14093,306
14093,35562
14093,27009
14093,295
14093,24678
14093,266
14093,26335
14093,37522
14093,48458
14093,231
3860,282
3860,115
3860,625
3860,11279
3860,221
3860,269
3860,709
3860,25693
3860,373
3860,27872
3860,37748
3860,28137
3860,38147
3862,129
3862,120
3864,604
3864,167
3864,327
3864,259
3864,17247
3864,20210
3864,20635
3866,205
3866,677
3866,37282
3866,46158
3867,677
3867,38119
3867,37282
3867,31265
3867,157
3868,285
3868,17246
3868,35
10744,238
10744,360
10744,556
10744,188
10744,644
10744,81
10744,135
10744,177
10744,208
10744,35562
10744,494
10744,266
10744,24678
10744,40283
10744,37522
10744,26344
10744,231
10744,274
10744,287
10744,295
10744,20850
10744,25503
10744,46089
7841,20693
7841,20175
7841,29721
7841,20129
7841,20195
7841,20184
7841,19940
7841,20196
7841,20205
7841,20156
7841,20171
7841,20137
7841,20691
7841,20164
7841,20177
7841,20139
7841,31925
7841,32618
7841,34418
7841,37516
7841,34534
7841,20179
7841,20585
7841,37490
7841,20140
7841,39470
7841,34537
7841,27128
7841,20163
7841,49175
7841,49551
7841,34405
7841,20142
7841,51532
7841,19535
7841,20699
7841,20608
7841,20659
7846,20124
7846,20175
7846,20142
7808,18292
7808,18291
7808,61
7808,452
7808,18293
7808,18294
7808,18297
7808,18299
7808,18300
7808,18301
7808,37539
7808,30675
7808,46960
7808,31154
7808,49598
7808,409
7808,96
3878,610
3878,297
3878,408
3878,20270
3878,35
3883,32618
3883,677
3884,677
7842,20133
7842,20194
7842,20177
7842,20124
7842,32618
7842,20175
7842,38144
7842,20142
7842,20699
7842,20659
7843,20139
7843,20151
7843,20133
7843,20194
7843,20124
7843,20175
7843,38122
7843,49596
7843,20142
7843,20699
7843,20659
10763,173
14122,20124
14122,20175
14122,38122
14122,36500
14122,30675
14122,49596
14122,20142
14122,20140
14123,20124
14123,30675
3893,599
3893,406
3893,53990
3893,545
3893,228
3894,599
3894,406
3894,53990
3894,545
3894,228
3895,599
3895,406
3895,545
3895,53990
3895,228
10684,20880
10684,20133
10684,20124
10684,20143
10684,27600
10684,32624
10684,32618
10684,43801
10684,20151
10684,20175
10684,37555
10684,38122
10684,20140
10684,36500
10684,20194
10684,20205
10684,37519
10684,49596
10684,20142
10696,20124
10696,20177
10696,20175
10696,20142
3897,330
3897,27
3897,406
3897,158
3897,186
3897,53990
3897,599
3897,545
3897,426
3897,706
3897,228
3897,51028
3897,85
3897,157
3897,46641
3902,335
3902,399
3904,335
3904,399
3905,335
3905,399
3907,335
3907,399
3908,399
3910,399
3911,399
3915,399
3917,399
3918,399
3919,171
3919,399
3921,171
3921,399
3922,171
3922,399
3923,399
3925,399
3926,399
3927,399
3929,351
3929,399
3930,399
3931,668
3931,399
3933,668
3933,399
3934,668
3934,399
3935,698
3935,399
3937,698
3937,399
3938,698
3938,399
3939,399
3940,399
3941,399
3942,264
3942,253
3942,552
3942,406
3942,34408
14755,552
14755,20672
14755,30221
3943,405
3943,69
3943,35562
3943,241
3943,373
3943,18898
3943,709
3943,37748
3943,39478
3943,603
3943,579
18331,30221
18331,20672
18331,552
18334,28137
18334,426
18334,46956
18334,24235
18334,46957
18334,48890
18334,26034
18334,358
18334,448
18334,39478
3944,405
3944,269
3944,162
3944,18898
3944,69
3944,373
3944,709
3944,37748
3944,39478
3944,603
3944,579
18474,381
18474,174
18474,235
3945,646
3945,625
3945,37748
3945,373
3945,221
3945,37281
3945,20694
3946,53
3946,71
3946,610
3946,148
3946,213
3946,608
3946,285
3946,408
3946,601
3946,36
3946,35
3946,374
3946,299
3946,153
3946,48458
3947,409
3947,86
3947,677
3948,409
3948,86
3948,677
3949,409
3949,86
3949,677
3950,409
3950,86
3950,677
3951,409
3951,677
3953,409
3953,86
3953,677
3954,57
3954,409
3954,86
3954,677
3956,401
3956,381
3957,405
3957,426
3957,623
3957,330
3957,53
3957,489
3957,625
3957,33
3957,24447
3957,35
3957,619
3957,19535
3957,20124
3957,50
3957,442
3957,57
3957,27745
3957,32332
3957,118
3957,122
3957,20157
3957,27220
3957,20158
3957,468
3957,152
3957,627
3957,157
3957,163
3957,170
3957,19084
3957,66
3957,32553
3957,214
3957,20171
3957,663
3957,229
3957,501
3957,263
3957,267
3957,282
3957,27275
3957,32535
3957,292
3957,306
3957,311
3957,587
3957,347
3957,356
3957,27729
3957,20194
3957,372
3957,374
3957,20196
3957,26335
3957,20202
3957,411
3957,299
3957,304
3957,142
3957,48458
3957,406
3957,20557
3957,36917
3957,39478
3957,514
3957,20611
3957,32974
3957,31265
3959,162
3959,625
3959,282
3959,269
3959,373
3959,57
3959,37748
3959,646
3959,20587
3959,709
3961,400
3961,677
3965,77
3965,96
3965,242
3965,452
3965,18291
3965,18292
3965,18293
3965,18294
3965,18297
3965,18299
3965,18300
3965,18301
3965,37539
3965,408
3965,23696
3965,25216
3965,24234
3965,475
3965,27741
3965,61
3965,27743
3965,464
3965,381
3965,116
3965,253
3965,14
3965,687
3965,345
3965,567
3965,24447
3965,27220
3965,538
3965,27744
3965,99
3965,555
3965,177
3965,287
3965,360
3965,26494
3965,302
3965,46089
3965,31154
3965,515
3965,49598
3965,409
3967,77
3967,96
3967,242
3967,116
3967,452
3967,18291
3967,18292
3967,18293
3967,18294
3967,18297
3967,18299
3967,18300
3967,18301
3967,28857
3967,28855
3967,28856
3967,85
3967,7
3967,25216
3967,23696
3967,24234
3967,287
3967,475
3967,61
3967,31
3967,283
3967,510
3967,567
3967,99
3967,263
3967,650
3967,27742
3967,349
3967,24447
3967,20878
3967,27220
3967,345
3967,687
3967,302
3967,177
3967,255
3967,37539
3967,408
3967,27743
3967,464
3967,381
3967,253
3967,14
3967,538
3967,27744
3967,555
3967,360
3967,26494
3967,46089
3967,31154
3967,49598
3967,409
3968,33
3968,411
3968,677
3968,220
3969,77
3969,96
3969,242
3969,260
3969,19529
3969,116
3969,452
3969,18291
3969,18292
3969,18293
3969,18294
3969,18297
3969,18299
3969,18300
3969,28855
3969,28857
3969,28856
3969,85
3969,7
3969,25216
3969,23696
3969,24234
3969,177
3969,287
3969,475
3969,61
3969,31
3969,283
3969,510
3969,567
3969,99
3969,263
3969,650
3969,27742
3969,349
3969,24447
3969,20878
3969,27220
3969,345
3969,687
3969,302
3969,255
3969,37539
3969,408
3969,27743
3969,464
3969,381
3969,253
3969,14
3969,538
3969,27744
3969,555
3969,360
3969,26494
3969,46089
3969,31154
3969,49598
3969,409
10699,20124
10699,20880
10699,20177
10699,20175
10699,20142
3971,77
3971,96
3971,242
3971,23696
3971,25216
3971,452
3971,18291
3971,18292
3971,18293
3971,18294
3971,18297
3971,18299
3971,18300
3971,18301
3971,28857
3971,28856
3971,28855
3971,408
3971,37541
3971,37539
3971,24234
3971,11273
3971,475
3971,61
3971,27743
3971,464
3971,381
3971,116
3971,253
3971,14
3971,687
3971,345
3971,567
3971,24447
3971,27220
3971,538
3971,27744
3971,99
3971,555
3971,177
3971,287
3971,360
3971,26494
3971,302
3971,46089
3971,31154
3971,49598
3971,409
3972,77
3972,96
3972,242
3972,20856
3972,452
3972,18291
3972,18292
3972,18293
3972,18294
3972,18297
3972,18299
3972,18300
3972,18301
3972,28855
3972,28857
3972,28856
3972,408
3972,85
3972,7
3972,116
3972,25216
3972,23696
3972,24234
3972,287
3972,475
3972,61
3972,31
3972,283
3972,510
3972,99
3972,263
3972,650
3972,27742
3972,349
3972,24447
3972,20878
3972,27220
3972,345
3972,687
3972,177
3972,567
3972,302
3972,255
3972,37541
3972,37539
3972,11273
3972,27743
3972,464
3972,381
3972,253
3972,14
3972,538
3972,27744
3972,555
3972,360
3972,26494
3972,46089
3972,31154
3972,49598
3972,409
3973,77
3973,96
3973,242
3973,452
3973,18291
3973,18292
3973,18293
3973,18294
3973,18297
3973,18299
3973,18300
3973,18301
3973,28857
3973,28855
3973,27009
3973,28856
3973,360
3973,85
3973,7
3973,116
3973,25216
3973,23696
3973,24234
3973,81
3973,177
3973,287
3973,475
3973,61
3973,31
3973,283
3973,510
3973,567
3973,99
3973,263
3973,650
3973,27742
3973,349
3973,24447
3973,20878
3973,27220
3973,345
3973,687
3973,302
3973,255
3973,35562
3973,37539
3973,31154
3973,49598
3973,409
3974,77
3974,96
3974,242
3974,452
3974,18291
3974,18292
3974,18293
3974,18294
3974,18297
3974,18299
3974,18300
3974,18301
3974,27009
3974,28855
3974,28857
3974,28856
3974,287
3974,81
3974,177
3974,360
3974,85
3974,7
3974,116
3974,25216
3974,23696
3974,24234
3974,475
3974,61
3974,31
3974,283
3974,510
3974,99
3974,263
3974,650
3974,27742
3974,349
3974,24447
3974,20878
3974,27220
3974,345
3974,687
3974,567
3974,302
3974,255
3974,35562
3974,37539
3974,408
3974,27743
3974,464
3974,381
3974,253
3974,14
3974,538
3974,27744
3974,555
3974,26494
3974,46089
3974,31154
3974,49598
3974,409
3975,77
3975,96
3975,242
3975,20856
3975,27741
3975,475
3975,452
3975,18291
3975,18292
3975,18293
3975,18294
3975,18297
3975,18299
3975,18300
3975,18301
3975,28855
3975,28857
3975,28856
3975,283
3975,27743
3975,31
3975,85
3975,7
3975,116
3975,25216
3975,23696
3975,24234
3975,287
3975,61
3975,510
3975,99
3975,263
3975,650
3975,27742
3975,349
3975,24447
3975,20878
3975,27220
3975,345
3975,687
3975,177
3975,302
3975,255
3975,567
3975,37539
3975,408
3975,464
3975,381
3975,253
3975,14
3975,538
3975,27744
3975,555
3975,360
3975,26494
3975,46960
3975,31154
3975,49598
3975,409
3976,77
3976,96
3976,242
3976,20856
3976,28855
3976,28857
3976,28856
3976,452
3976,18291
3976,18292
3976,18293
3976,18294
3976,18297
3976,18299
3976,18300
3976,18301
3976,61
3976,510
3976,31
3976,85
3976,7
3976,116
3976,25216
3976,23696
3976,24234
3976,287
3976,475
3976,27741
3976,283
3976,99
3976,263
3976,650
3976,27742
3976,349
3976,24447
3976,20878
3976,27220
3976,345
3976,687
3976,177
3976,567
3976,302
3976,255
3976,383
3976,27743
3976,37539
3976,408
3976,464
3976,381
3976,253
3976,14
3976,538
3976,27744
3976,555
3976,360
3976,26494
3976,46960
3976,31154
3976,49598
3976,409
3977,77
3977,96
3977,242
3977,28856
3977,28857
3977,452
3977,18291
3977,18292
3977,18293
3977,18294
3977,18297
3977,18299
3977,18300
3977,18301
3977,28855
3977,233
3977,687
3977,345
3977,85
3977,7
3977,116
3977,25216
3977,23696
3977,24234
3977,287
3977,475
3977,61
3977,31
3977,283
3977,510
3977,99
3977,263
3977,650
3977,27742
3977,349
3977,24447
3977,20878
3977,27220
3977,14
3977,177
3977,567
3977,302
3977,255
3977,31667
3977,37539
3977,408
3977,27743
3977,464
3977,381
3977,253
3977,538
3977,27744
3977,555
3977,360
3977,26494
3977,31154
3977,515
3977,49598
3977,409
3978,77
3978,96
3978,242
3978,28855
3978,452
3978,18291
3978,18292
3978,18293
3978,18294
3978,18297
3978,18299
3978,18300
3978,18301
3978,233
3978,687
3978,345
3978,28857
3978,28856
3978,85
3978,7
3978,116
3978,25216
3978,23696
3978,24234
3978,287
3978,475
3978,61
3978,31
3978,283
3978,510
3978,99
3978,263
3978,650
3978,27742
3978,349
3978,24447
3978,20878
3978,27220
3978,14
3978,177
3978,567
3978,302
3978,255
3978,31667
3978,515
3978,37539
3978,34408
3978,31154
3978,49598
3978,409
3979,77
3979,96
3979,242
3979,20856
3979,28857
3979,452
3979,18291
3979,18292
3979,18293
3979,18294
3979,18297
3979,18299
3979,18300
3979,18301
3979,349
3979,99
3979,555
3979,650
3979,20878
3979,28855
3979,28856
3979,567
3979,27742
3979,24447
3979,37539
3979,31154
3979,49598
3979,409
3979,51311
3980,20856
3980,77
3980,96
3980,242
3980,452
3980,18291
3980,18292
3980,18293
3980,18294
3980,18297
3980,18299
3980,18300
3980,18301
3980,28855
3980,27009
3980,28856
3980,99
3980,650
3980,263
3980,555
3980,349
3980,20878
3980,28857
3980,27220
3980,85
3980,7
3980,116
3980,25216
3980,23696
3980,24234
3980,287
3980,475
3980,61
3980,31
3980,283
3980,510
3980,27742
3980,24447
3980,345
3980,687
3980,177
3980,567
3980,302
3980,255
3980,37539
3980,31154
3980,49598
3980,409
3981,77
3981,96
3981,242
3981,24447
3981,31154
3981,49598
3981,409
3981,20856
3981,18301
3981,18300
3981,18299
3981,18297
3981,18294
3981,18293
3981,18292
3981,18291
3981,452
3981,37539
3985,541
3985,677
3986,213
3986,36
3986,53
3986,610
3986,148
3986,608
3986,285
3986,408
3986,601
3986,35562
3986,40417
3986,166
3987,100
3987,130
3987,50
3987,103
3987,118
3987,174
3987,208
3987,235
3987,337
3987,372
3987,401
3987,18741
3987,32558
3987,381
3987,38150
3987,38149
3987,361
3987,46511
3987,234
3987,27009
3987,32618
3989,100
3989,130
3989,50
3989,103
3989,118
3989,174
3989,208
3989,235
3989,337
3989,372
3989,401
3989,18741
3989,20712
3989,32558
3989,20557
3989,381
3989,38150
3989,38149
3989,361
3989,46511
3990,100
3990,130
3990,50
3990,103
3990,118
3990,174
3990,208
3990,235
3990,337
3990,372
3990,401
3990,20712
3990,32558
3990,18741
3990,38150
3990,38149
3990,381
3990,361
3990,20557
3993,100
3993,130
3993,174
3993,235
3993,337
3993,696
3993,361
3993,381
3993,48375
3995,100
3995,174
3995,235
3995,20712
3995,381
3996,11273
3996,581
3996,408
3996,25720
3996,24234
3996,35
3996,52813
3996,17247
3996,298
3996,46963
3997,581
3997,285
3997,408
3997,35
3997,599
3997,371
3998,154
3998,336
3998,674
3998,396
3998,24679
3998,19529
3998,209
3998,31265
3998,364
3998,38119
3998,328
3998,351
3998,43646
3998,43912
3998,46640
3998,46964
3998,163
10818,40283
10818,27009
10818,263
10818,305
10818,24447
10818,299
10818,32332
10818,27220
10818,37522
10818,231
10818,657
4001,154
4001,395
4001,116
4001,674
4001,35562
4001,396
4001,19529
4001,209
4001,292
4001,38119
4001,328
4001,351
4001,49350
4001,32618
4001,31265
4001,43646
4001,43912
4002,105
4002,404
4002,17269
4002,21008
4002,17382
4002,50823
4002,485
4002,31
4002,286
4002,11277
4002,109
4002,39855
4002,246
4002,383
4003,286
4003,105
4003,283
4003,255
4003,145
4003,485
4003,31
4003,11277
4003,39855
4003,246
4003,383
4004,105
4004,283
4004,255
4004,485
4004,31
4004,286
4004,39855
4004,246
4004,383
4005,116
4005,674
4005,396
4005,304
4005,154
4005,209
4005,31265
4005,328
4005,43646
4005,43912
4005,46964
4007,603
4007,579
4007,709
4007,373
4007,37010
4007,37748
4008,260
4008,116
4008,31265
4008,328
4008,253
4008,364
4008,43646
4008,43912
4010,241
4010,310
4010,603
4010,269
4010,709
4010,373
4010,37748
14132,337
14132,32558
14132,372
14132,235
14132,174
14132,20557
14132,103
14132,50
14132,18741
14132,100
14132,401
14132,27009
14132,20712
14132,208
14132,118
14132,130
14132,381
14132,38150
14132,38149
14132,361
14132,46511
4014,16
4015,16
4029,40283
4029,231
4030,263
4030,99
4030,40283
4030,231
4031,555
4031,650
4031,263
4031,40283
4031,287
4031,99
4031,349
4031,20878
4031,27220
4031,37522
4031,231
4031,46089
14198,40283
14198,295
14198,11275
14198,285
14198,37522
14198,231
14223,20195
14223,20137
14223,20693
14223,27128
14223,37490
14223,20182
14223,19940
14223,27600
14223,20171
14223,20175
14223,20140
14223,49175
7535,464
7535,61
7535,469
7535,475
7535,266
7535,362
7880,389
7880,677
10685,20880
10685,20143
10685,20133
10685,20124
10685,32618
10685,27600
10685,32624
10685,20175
10685,37555
10685,37519
10685,38122
10685,36500
10685,20194
10685,20205
10685,49596
10685,20151
10685,43801
10685,20142
10685,20140
14177,53990
14177,158
14177,228
7787,663
7787,24235
7787,426
7787,358
7787,448
7787,317
7787,380
7787,28137
7782,263
7782,40283
7782,650
7782,99
7782,555
7782,349
7782,20878
7782,27220
7782,37522
7782,231
7783,208
7783,381
7788,38119
7788,31265
7788,46964
7789,38119
7789,31265
7790,38119
7790,31265
7791,114
7791,20700
7791,38119
7791,31265
7792,396
7792,20606
7792,38119
7792,31265
7793,20700
7793,38119
7793,33
7793,18898
7793,31265
14616,38119
14616,396
14616,205
14616,18898
14616,20606
14616,434
14616,139
14616,20
14616,20700
14616,33
14616,677
14616,31265
14616,46964
14616,32618
14616,157
7865,38119
7865,114
7865,139
7865,294
7865,20700
7865,173
7865,31265
7865,20606
7866,38119
7866,31265
7968,158
7968,30474
7968,53990
7968,599
7968,545
7968,228
7968,157
7869,609
7869,91
7869,11275
7869,408
7872,337
7872,466
7872,381
7872,361
7873,7
7873,85
7873,545
7873,53990
7873,228
7875,285
7875,17246
7875,94
7875,106
7875,564
7875,492
7875,587
7875,150
7875,53
7875,148
7875,128
7875,29178
7875,213
7875,610
7875,399
7875,51029
7875,52741
7875,35
7875,482
7876,285
7876,94
7876,106
7876,492
7877,285
7877,94
7877,106
7877,492
7877,408
7878,285
7878,94
7878,106
7878,492
7878,408
7879,170
7879,677
7882,677
7881,389
7881,677
7887,405
7887,373
7887,27538
7887,57
7887,37748
7887,69
7887,20694
7887,39478
7887,709
7887,646
7889,20712
7889,287
7889,381
7891,395
7891,260
7891,19529
7891,292
7891,31265
7891,364
7891,49350
7891,328
7891,253
7891,43646
7891,43912
7905,347
7906,347
7907,347
7916,706
7916,406
7916,53990
7916,228
7916,51028
7914,706
7914,406
7914,48458
7914,53990
7914,228
7914,48201
7914,330
7914,423
7915,706
7915,406
7915,53990
7915,228
7915,20659
7915,330
7915,157
7908,706
7908,406
7908,53990
7908,30675
7908,228
7909,406
7909,48458
7909,53990
7909,228
7909,423
7917,706
7917,406
7917,198
7917,53990
7917,545
7917,20636
7917,51028
7917,228
7919,480
7919,677
7920,480
7920,677
7924,347
7929,20127
7929,20181
7929,20157
7929,20171
7929,20124
7929,20611
7929,20177
7929,32618
7929,32624
7929,20151
7929,37516
7929,20175
7929,20196
7929,34537
7929,40294
7929,20691
7929,34418
7929,46959
7929,29024
7929,19940
7929,20140
7929,49175
7929,20142
7929,20699
7929,20585
7929,20608
7929,20659
7929,20205
7931,19940
7931,20181
7931,20157
7931,20127
7931,20124
7931,20171
7931,20611
7931,20177
7931,29024
7931,32618
7931,32624
7931,20151
7931,37516
7931,20175
7931,20196
7931,34537
7931,20691
7931,34418
7931,46959
7931,20140
7931,49175
7931,20142
7931,20699
7931,20585
7931,20608
7931,20659
7931,20205
14213,49598
7935,20190
7935,20175
7935,37555
7935,20182
7935,20124
7935,299
7935,20151
7935,38144
7935,20194
7935,20142
7935,20140
7935,20699
7935,20659
7935,20205
7936,20190
7936,20182
7936,20177
7936,20124
7936,299
7936,20175
7936,20142
7936,20699
7936,20659
7940,20190
7940,20177
7940,20124
7940,20175
7940,20142
7940,20699
7940,20659
7941,20190
7941,20177
7941,20124
7941,20175
7941,20142
7941,20699
7941,20659
7942,20190
7942,20128
7942,20197
7942,20177
7942,20124
7942,20151
7942,20194
7942,20175
7942,37519
7942,36500
7942,20585
7942,299
7942,20142
7942,37538
7942,20699
7942,20659
7942,20205
7943,20190
7943,20177
7943,20124
7943,20151
7943,20175
7943,20142
7943,20699
7943,20659
7943,20205
7944,37538
7944,20190
7944,20182
7944,20177
7944,27600
7944,20124
7944,20151
7944,20175
7944,37555
7944,20142
7944,20699
7944,20659
7944,20205
7945,20175
7945,20177
7945,20699
7945,20659
7946,20175
7947,20124
7947,20175
7947,20142
15074,209
15074,328
7964,677
7966,20693
7966,19940
7966,20137
7966,20129
7970,129
7970,20560
7970,120
7970,433
7970,11269
7970,28900
7970,11277
7969,40283
7969,609
7969,334
7969,285
7969,37522
7969,231
7971,129
7971,20560
7971,202
7971,11277
7977,129
7977,20560
7973,129
7973,20560
7973,11277
11236,20197
11236,20139
11236,37879
11236,20124
11236,32096
11236,32098
11236,32099
11236,32100
11236,32097
11236,20175
11236,37538
11236,20142
7974,129
7974,20560
7974,11277
7974,30930
7974,202
7978,33
7978,677
7978,20606
7981,433
7981,129
7981,266
7987,321
7987,157
7986,623
7986,677
10835,129
7991,8
7991,54070
7991,27988
7991,31004
7991,515
7991,249
7991,34408
7991,30474
7991,668
7992,8
7992,356
7992,468
7992,442
7992,32535
7992,36917
7992,46502
7997,389
7997,677
10700,20124
10700,20177
10700,20175
10700,20142
7994,581
7994,285
7994,371
7994,35
7994,599
10692,20177
10692,20124
10692,20175
10692,20142
7998,389
7998,677
7999,677
7999,220
7999,411
10764,20124
10764,20190
10764,20133
10764,299
10764,20177
10764,27600
10764,37879
10764,20197
10764,20194
10764,37538
10764,32618
10764,20151
10764,20205
10764,20175
10764,37555
10764,20128
10764,20585
10764,48377
10764,20142
14277,515
14277,54070
14277,14
14277,687
14277,345
14277,31667
14277,444
14277,31004
14277,20557
14277,302
14277,34408
14278,39152
14278,37486
8000,20700
8000,38119
8000,31265
8000,157
10735,114
10735,406
10735,34408
10711,373
10711,148
10711,285
10711,8
10711,198
10711,235
10711,677
10711,249
10711,20151
10711,209
10711,286
10711,173
10711,37748
10711,274
8006,32547
8006,33
8006,677
8006,220
8006,411
8006,17
8006,32618
8007,677
8007,411
8007,220
8007,33
8007,32547
8007,17
8008,20700
8008,599
8008,38119
8008,31265
8009,20700
8009,38119
8009,31265
10477,296
10476,129
10476,433
10476,11269
10476,120
10478,401
10478,174
10478,229
10478,381
10482,20124
10482,20175
10482,38122
10482,20142
10491,359
10491,373
10491,57
10491,646
10491,625
10491,162
10491,223
10491,709
10491,282
10491,27538
10491,18973
10491,69
10491,20587
10491,269
10491,603
10491,539
10491,241
10491,310
10491,540
10491,27872
10491,29040
10491,42
10491,11279
10491,391
10491,710
10491,579
10491,663
10491,221
10491,358
10491,28137
10491,577
10491,200
10491,143
10491,20695
10491,392
10491,448
10491,25693
10491,426
10491,317
10491,87
10491,24235
10491,672
10491,115
10491,380
10491,405
10491,26034
10491,167
10491,327
10491,25486
10491,259
10491,604
10491,28795
10491,17247
10491,20635
10484,20157
10484,20202
10484,20194
10484,20124
10484,32618
10492,448
10492,358
10492,32618
10481,142
10481,19084
10481,311
10481,304
10481,152
10481,66
10481,110
10481,26337
10481,163
10481,267
10481,20175
10481,32553
10481,20202
10481,27745
10481,11278
10481,27275
10481,46640
10481,482
10483,20177
10483,20124
10483,20175
10483,20142
10708,330
10708,158
10708,7
10708,85
10708,53990
10708,545
10708,37
10708,706
10708,406
10708,228
10800,20205
10800,20585
10800,20608
10800,19535
10800,20202
10800,20158
10800,19534
10800,19084
10800,65
10800,66
10800,110
10800,20177
10800,20175
10800,27275
10800,32618
10800,267
10800,30073
10800,39563
10800,47526
10800,43801
10800,49123
10803,40283
10803,295
10803,20850
10803,26344
10803,177
10803,231
10803,188
10803,360
10803,266
10803,24678
10803,37522
14069,43872
14069,32026
14069,31153
14069,677
14069,35610
14070,47290
14070,43872
14070,32026
14070,31153
14070,38152
14070,677
14086,20194
14086,20133
14086,20197
14086,299
14086,20143
14086,20151
14086,20205
14086,20175
14086,37519
14086,36500
14086,20128
14086,19940
14086,20140
14086,20124
14086,49175
14086,20142
14086,37555
19204,53132
10855,400
10855,677
10841,27275
10841,65
10841,619
10841,501
10841,267
10841,32553
10841,20175
10841,20202
10841,163
10841,11278
10862,267
10862,142
10862,20175
10862,19084
10862,11278
10861,267
10861,142
10861,27745
10861,20175
10861,19084
10861,52100
10861,11278
10870,321
10871,321
10880,20205
10880,27128
10880,20196
10880,20175
10880,20137
10880,49598
10880,409
10880,96
10880,31154
10883,24234
10883,408
10883,85
10883,7
10883,116
10883,25216
10883,23696
10883,177
10883,287
10883,475
10883,61
10883,31
10883,27743
10883,283
10883,255
10883,510
10883,567
10883,99
10883,263
10883,650
10883,27742
10883,349
10883,24447
10883,20878
10883,27220
10883,345
10883,687
10883,302
10883,14
10883,11273
10883,464
10883,381
10883,253
10883,538
10883,27744
10883,360
10883,96
10883,242
10883,26494
10883,77
10883,46089
10883,31154
10883,49598
10883,409
10883,18291
10883,452
10883,28857
10883,28856
10883,28855
10883,20856
10883,18300
10883,18299
10883,18297
10883,18294
10883,18293
10883,18292
10883,37539
10883,555
10908,40283
10908,609
10908,25210
10908,37522
10908,231
10908,285
10909,20585
10909,26663
10909,20124
10909,20133
10909,20880
10909,20177
10909,32624
10909,43801
10909,32618
10909,20175
10909,37555
10909,38122
10909,36500
10909,20194
10909,49596
10909,20142
10909,20140
11025,706
11025,53990
11025,599
11025,545
11025,228
11045,538
11045,27744
11045,349
11045,650
11045,27220
11045,27742
11045,20864
11045,40283
11045,555
11045,99
11045,567
11045,20878
11045,24447
11045,263
11045,32332
11045,231
11077,31153
11077,33
11077,20606
11077,23383
11077,677
11089,373
11089,310
11089,603
11089,241
11089,29040
11089,37748
11089,625
11089,221
11090,373
11090,310
11090,603
11090,241
11090,29040
11090,37010
11090,37748
11090,625
11090,221
11110,53990
11110,545
11110,228
11111,545
11111,53990
11111,228
11111,46641
11113,285
11113,27009
11156,40283
11156,35562
11156,295
11156,177
11156,81
11156,287
11156,360
11156,188
11156,37522
11156,231
11156,46089
11156,24678
11191,161
11192,161
11195,161
11196,161
11197,334
11198,334
11199,153
11200,153
11201,153
11202,153
11203,161
11204,161
11205,161
11206,161
18863,153
18863,11273
11209,334
11210,161
11210,50823
11211,161
11212,161
11213,161
11214,161
11215,161
11216,334
11217,334
18862,54070
18862,31004
18862,34408
18862,345
11220,334
11221,334
11222,334
11222,24447
11223,24447
11226,153
11226,285
11227,153
11227,285
11228,153
11228,20140
11229,153
11229,20140
11232,161
11232,51028
11233,161
11250,130
11250,401
11250,334
11250,381
11250,31061
14089,40283
14089,285
14089,609
14089,91
14089,11275
14089,18978
14089,25210
14089,37522
14089,231
14089,27009
14089,24678
14135,186
14135,53990
14135,34
14135,228
14153,114
11403,20124
11403,20182
11403,20190
11403,27600
11403,20139
11403,20175
11403,20142
11403,38144
11403,20151
11403,39030
14085,286
14085,109
14085,105
14085,31
14085,37534
14085,39855
14085,246
14085,383
11405,26335
11405,19
11405,43547
11405,35
11405,234
11405,334
11405,374
11405,46702
11405,53
11405,399
11405,48458
11405,711
11405,489
11405,37488
11405,587
11404,19
11404,35
11404,334
11404,697
11404,18737
11404,48458
11404,229
11404,20659
11404,20608
11404,335
11404,20699
11404,416
11404,711
11404,25721
11404,271
11404,27009
11404,36872
11404,36
11404,53
11404,71
11404,148
11404,213
11404,285
11404,408
11404,601
11404,608
11404,610
11404,11275
11404,24678
14105,20175
14105,20202
14105,19534
14105,19535
14105,20158
14105,65
14105,27275
14105,20205
14105,267
14105,47526
14105,20142
14125,20175
14125,30675
14125,20124
14125,20142
11415,35
11418,20606
11418,677
11418,33
15128,381
15128,20712
15128,174
15128,401
15128,118
15128,50
15128,361
15128,100
15128,130
15128,18741
15128,46511
15128,372
14155,172
14155,328
14155,38119
14155,43646
14155,43912
11416,359
11416,29253
11417,604
11417,434
11417,670
11417,20140
11417,697
11417,489
11417,20585
11417,20177
11417,30073
11417,27009
11417,711
11417,399
11417,416
11417,39437
11419,40283
11419,35562
11419,295
11419,401
11419,360
11419,177
11419,274
11419,81
11419,556
11419,238
11419,306
11419,231
11419,30675
11419,494
11420,35562
11420,295
11420,401
11420,360
11420,177
11420,274
11420,81
11420,556
11420,238
11420,306
11420,40283
11420,231
11420,30675
11421,40283
11421,295
11421,35562
11421,401
11421,360
11421,177
11421,274
11421,81
11421,556
11421,238
11421,306
11421,231
11421,30675
11424,625
11424,39478
14033,34407
14033,39152
14033,20694
14091,40283
14091,285
14091,609
14091,91
14091,11275
14091,18978
14091,25210
14091,37522
14091,24678
14091,231
14092,40283
14092,285
14092,609
14092,91
14092,11275
14092,18978
14092,25210
14092,37522
14092,24678
14092,231
14092,178
14157,20857
14157,34407
14157,20694
14157,37486
14124,263
14124,27009
14124,24447
14124,20864
14581,38119
14581,18898
14581,20606
14581,20700
14581,139
14581,33
14581,677
14581,205
14581,20
14581,17
14581,114
14581,86
14581,31265
14581,157
14582,18898
14582,677
14583,27538
14618,29024
14618,20171
14618,20611
14618,20157
14618,34537
14618,20181
14618,30073
14618,46959
14638,53990
14638,706
14638,198
14638,85
14638,406
14638,7
14638,27
14638,37
14638,104
14638,111
14638,112
14638,20564
14638,158
14638,599
14638,186
14638,39478
14638,330
14638,545
14638,423
14638,228
14653,359
14653,20694
14731,593
14731,466
14731,713
14731,36118
14731,430
14731,605
14731,40186
14731,594
14732,307
14732,605
14732,562
14732,563
14732,632
14732,117
14732,159
14732,671
14732,40186
14732,320
14733,281
14733,49059
14733,598
14733,571
14733,46
14733,38146
14733,273
14733,251
14733,210
14733,485
14733,38151
14733,605
14733,40186
14733,49868
14733,49869
15089,129
15089,11277
18297,87
18297,35975
18297,46265
18297,358
18297,45518
18297,317
18297,663
18297,200
18297,380
18297,426
18297,47236
18297,50265
18297,47414
18764,19940
18764,20175
18764,20137
18764,48377
18764,20140
18764,49175
18764,30073
18764,34405
18764,20142
18764,51532
14806,605
14806,20636
14806,38146
14806,49059
14806,281
14806,38151
14806,46
14806,273
14806,210
14806,251
14806,7
14806,37
14806,20564
14806,228
14806,406
14806,545
14806,27
14806,111
14806,599
14806,186
14806,423
14806,85
14806,330
14806,39478
14806,198
14806,112
14806,158
14806,174
14806,34418
14806,20196
14806,27128
14806,593
14806,307
14806,49869
14806,49868
14806,598
14806,562
14806,563
14806,632
14806,117
14806,159
14806,671
14806,320
14806,466
14806,713
14806,36118
14806,430
14806,594
14806,39470
18227,299
18227,20175
18227,20194
18227,20197
18227,20128
18227,37538
18227,37879
18227,37519
18227,48377
18227,20140
18227,20151
18227,20124
18227,20190
18227,20205
18227,20142
18227,20182
18227,30073
14856,20694
15091,20636
15091,85
15091,545
15091,37
15091,7
15091,157
15091,198
15091,186
15091,27
15091,53990
15091,46641
15091,48862
18281,20175
18281,20140
18281,27128
18281,20124
18281,30073
18281,20142
18273,34408
18274,358
18274,24234
18274,20202
18274,373
18274,249
18274,286
18274,235
18274,209
18274,8
18274,54
18274,27220
18274,20151
18274,106
18274,177
18274,677
18274,20691
18274,274
18274,201
18274,42
18274,34408
18274,198
18469,605
18469,593
18469,307
18469,46
18469,38146
18469,49869
18469,210
18469,49059
18469,251
18469,273
18469,281
18469,49868
18469,598
18469,562
18469,563
18469,632
18469,117
18469,159
18469,671
18469,320
18469,466
18469,713
18469,36118
18469,430
18469,594
18469,38151
18469,423
18469,73
18473,24447
18473,27744
18473,20864
18473,99
18473,650
18473,32332
18473,27220
18473,263
18475,287
18475,18978
18475,25
18475,20878
18475,20850
18475,91
18475,135
18475,25210
18475,11275
18475,178
18475,177
18475,43633
18475,231
18475,644
18475,238
18475,494
18475,37536
18475,274
18475,46089
18475,40283
18475,34994
18475,295
18475,306
18475,26344
18475,556
18475,344
18475,37512
18475,360
18475,361
18475,25503
18475,609
18475,26335
18475,37522
18478,381
18478,32558
18508,154
18508,46640
18508,674
18508,328
18508,31265
18499,295
18499,623
18735,552
18735,30221
18735,20672
18507,49350
18507,395
18507,292
18507,674
18507,43912
18507,31265
18507,43646
18507,19529
18696,20694
18696,381
18509,706
18509,53990
18509,122
18510,706
18510,53990
18510,426
18510,51028
18510,434
18511,706
18511,53990
18511,186
18514,27741
18514,105
18514,31
18514,286
18514,46960
18514,246
18514,383
18515,105
18515,31
18515,286
18515,27741
18515,46960
18515,246
18515,383
18697,20175
18697,38122
18698,122
18701,39233
18701,625
18702,20635
18702,604
18702,17247
18745,54070
18745,27503
18745,34408
18752,36306
18752,208
18752,31154
18752,123
18752,53212
18753,547
18753,406
18753,355
18753,114
18753,122
18753,34408
18753,54
18754,20672
18754,30221
18754,552
19089,674
19089,31265
19089,43912
19089,154
19089,38119
19089,43646
19178,52078
19178,246
19178,383
18815,20175
18815,299
18815,48377
18815,20197
18815,20194
18815,20585
18815,37879
18815,20190
18815,20124
18815,37538
18815,20142
18815,20133
18832,20694
18832,29253
18832,11265
18832,53132
18847,578
18847,37541
18848,578
18848,37541
19040,11273
19090,53990
19090,423
18877,706
18877,53
18877,26335
18877,48458
18880,20190
18880,20182
18880,20175
18880,299
18880,20142
19142,29253
19143,53990
19143,545
19143,186
19176,52078
19176,246
19176,383
19177,52078
19177,246
19177,383
19189,295
19189,23696
19205,53191
19205,52020
19205,593
19205,605
19205,594
19205,52552
19206,286
19206,249
19206,11277
19206,246
19206,383
19209,246
19209,383
